{
  "project" : {
    "id" : "mifologiya-118281-QVg",
    "name" : "mifologiya-118281-QVg",
    "folder" : "/jaicp"
  },
  "settings" : {
    "language" : "ru",
    "spellingCorrection" : false,
    "classificationAlgorithm" : "sts",
    "timezone" : "UTC",
    "businessShared" : false,
    "business" : false
  },
  "intents" : [ {
    "id" : 601328,
    "path" : "/bye",
    "description" : "выход",
    "enabled" : true,
    "businessShared" : false,
    "business" : false,
    "phrases" : [ {
      "text" : "Выйти"
    }, {
      "text" : "Выйди"
    }, {
      "text" : "Выйти из приложения"
    }, {
      "text" : "Выход"
    } ],
    "patterns" : [ ]
  } ],
  "entities" : [ ],
  "enabledSystemEntities" : [ "duckling.number" ]
}